Year,Word 1,Count 1,Word 2,Count 2,Word 3,Count 3,Word 4,Count 4,Word 5,Count 5,Word 6,Count 6,Word 7,Count 7,Word 8,Count 8,Word 9,Count 9
2016,facebook,1270,twitter,532,youtube,45,reddit,29,instagram,12,telegram,12,snapchat,8,whatsapp,7,,
2017,twitter,2196,facebook,2065,youtube,204,instagram,58,whatsapp,31,reddit,23,snapchat,20,telegram,18,,
2018,facebook,3665,twitter,2330,youtube,466,whatsapp,260,instagram,168,reddit,49,telegram,26,snapchat,5,,
2019,facebook,3067,twitter,1930,youtube,646,whatsapp,273,instagram,256,reddit,58,tiktok,47,telegram,15,snapchat,8.0
2020,facebook,4634,twitter,3912,youtube,837,tiktok,322,instagram,272,whatsapp,242,reddit,61,telegram,32,snapchat,14.0
2021,facebook,4386,twitter,1838,youtube,782,instagram,240,whatsapp,178,tiktok,135,telegram,129,reddit,55,snapchat,17.0
2022,twitter,2928,facebook,1418,tiktok,667,youtube,651,telegram,290,instagram,253,whatsapp,78,reddit,26,snapchat,5.0
2023,twitter,1136,tiktok,603,facebook,479,youtube,224,instagram,133,telegram,118,whatsapp,49,reddit,17,snapchat,6.0
2024,tiktok,478,facebook,388,twitter,332,youtube,284,telegram,179,instagram,171,whatsapp,47,reddit,33,snapchat,8.0
