Year,Word 1,Count 1,Word 2,Count 2,Word 3,Count 3,Word 4,Count 4,Word 5,Count 5,Word 6,Count 6,Word 7,Count 7,Word 8,Count 8
2016,twitter,148,facebook,138,youtube,21,telegram,12,snapchat,4,whatsapp,3,,,,
2017,facebook,423,twitter,347,youtube,83,telegram,18,instagram,16,whatsapp,7,,,,
2018,facebook,550,twitter,282,youtube,81,instagram,36,whatsapp,16,telegram,15,reddit,8.0,,
2019,facebook,261,twitter,243,youtube,75,instagram,30,tiktok,22,telegram,10,whatsapp,9.0,reddit,8.0
2020,twitter,304,facebook,170,tiktok,81,youtube,56,instagram,15,whatsapp,9,telegram,7.0,,
2021,twitter,178,facebook,174,youtube,44,telegram,17,tiktok,15,whatsapp,11,instagram,4.0,reddit,3.0
2022,twitter,290,facebook,184,tiktok,133,youtube,118,telegram,73,instagram,62,whatsapp,10.0,reddit,2.0
2023,tiktok,258,twitter,158,facebook,76,telegram,63,youtube,45,instagram,20,whatsapp,9.0,snapchat,2.0
2024,tiktok,202,youtube,49,telegram,45,facebook,38,twitter,32,instagram,22,whatsapp,4.0,reddit,1.0
