Year,Word 1,Count 1,Word 2,Count 2,Word 3,Count 3,Word 4,Count 4,Word 5,Count 5,Word 6,Count 6,Word 7,Count 7,Word 8,Count 8
2016,facebook,887,twitter,164,youtube,9,instagram,7,reddit,7,snapchat,4,whatsapp,4,,
2017,twitter,1331,facebook,905,youtube,45,snapchat,18,instagram,14,whatsapp,10,reddit,8,,
2018,twitter,978,facebook,828,whatsapp,64,youtube,53,instagram,26,reddit,5,snapchat,3,,
2019,twitter,528,facebook,318,whatsapp,80,youtube,22,instagram,18,tiktok,4,telegram,3,reddit,1.0
2020,twitter,419,facebook,146,whatsapp,17,youtube,10,instagram,7,tiktok,2,snapchat,1,,
2021,facebook,67,twitter,60,youtube,9,telegram,7,whatsapp,7,instagram,7,tiktok,2,,
2022,twitter,105,facebook,49,tiktok,25,telegram,16,youtube,13,instagram,11,whatsapp,8,,
2023,twitter,34,facebook,20,instagram,18,youtube,11,whatsapp,7,tiktok,7,telegram,3,,
2024,facebook,44,twitter,26,youtube,15,tiktok,15,telegram,11,instagram,10,whatsapp,2,reddit,1.0
