Year,Word 1,Count 1,Word 2,Count 2,Word 3,Count 3,Word 4,Count 4,Word 5,Count 5,Word 6,Count 6,Word 7,Count 7,Word 8,Count 8,Word 9,Count 9
2016,twitter,20,facebook,16,,,,,,,,,,,,,,
2017,facebook,190,twitter,130,instagram,24.0,youtube,15.0,reddit,2.0,snapchat,2.0,whatsapp,1.0,,,,
2018,facebook,983,twitter,399,youtube,64.0,whatsapp,54.0,instagram,49.0,reddit,13.0,telegram,9.0,,,,
2019,facebook,1110,twitter,503,youtube,112.0,instagram,73.0,whatsapp,41.0,reddit,17.0,tiktok,10.0,telegram,2.0,,
2020,facebook,1153,twitter,771,youtube,106.0,tiktok,46.0,instagram,43.0,whatsapp,41.0,telegram,14.0,reddit,14.0,,
2021,facebook,779,twitter,371,youtube,77.0,telegram,44.0,instagram,42.0,whatsapp,27.0,tiktok,18.0,reddit,17.0,snapchat,5.0
2022,twitter,578,facebook,344,tiktok,123.0,youtube,114.0,telegram,73.0,instagram,42.0,whatsapp,19.0,snapchat,3.0,,
2023,twitter,284,facebook,141,tiktok,115.0,youtube,43.0,telegram,25.0,instagram,16.0,whatsapp,16.0,reddit,4.0,,
2024,facebook,115,tiktok,115,twitter,90.0,telegram,86.0,youtube,68.0,instagram,40.0,whatsapp,15.0,reddit,3.0,snapchat,3.0
