Year,Word 1,Count 1,Word 2,Count 2,Word 3,Count 3,Word 4,Count 4,Word 5,Count 5,Word 6,Count 6,Word 7,Count 7,Word 8,Count 8,Word 9,Count 9
2016,twitter,152,facebook,57,reddit,17,youtube,13,instagram,3.0,,,,,,,,
2017,twitter,199,facebook,62,youtube,36,reddit,11,,,,,,,,,,
2018,twitter,397,facebook,209,youtube,160,reddit,21,instagram,18.0,whatsapp,13.0,,,,,,
2019,twitter,378,youtube,192,facebook,184,reddit,25,instagram,17.0,whatsapp,10.0,tiktok,3.0,,,,
2020,twitter,814,facebook,627,youtube,294,instagram,77,tiktok,71.0,reddit,27.0,whatsapp,27.0,telegram,11.0,,
2021,facebook,417,twitter,388,youtube,131,instagram,43,tiktok,29.0,telegram,22.0,reddit,17.0,whatsapp,9.0,snapchat,1.0
2022,twitter,432,facebook,135,youtube,77,telegram,56,tiktok,43.0,instagram,19.0,reddit,5.0,,,,
2023,twitter,234,facebook,49,youtube,41,tiktok,36,telegram,14.0,instagram,11.0,reddit,5.0,whatsapp,4.0,,
2024,twitter,57,tiktok,51,facebook,49,youtube,39,instagram,26.0,telegram,14.0,reddit,14.0,whatsapp,5.0,,
